word_segment,instances,prominence
འི་,116,4.004142216085606
ལ་,86,2.968588194684156
ར་,57,1.9675526406627546
ས་,47,1.6223679668622715
ནས་,41,1.4152571625819814
ལ,41,1.4152571625819814
ས,33,1.1391094235415948
༑,33,1.1391094235415948
དང་,32,1.1045909561615463
དུ་,32,1.1045909561615463
གྱི་,32,1.1045909561615463
མ་,30,1.0355540214014498
མི་,28,0.9665170866413532
རྗེ་བཙུན་,25,0.862961684501208
ཀྱི་,23,0.7939247497411116
ཞིག་,20,0.6903693476009666
ཀྱང་,19,0.6558508802209182
དེ,17,0.5868139454608216
བུ་མོ་,16,0.5522954780807732
ཆོས་,16,0.5522954780807732
སྒོམ་,16,0.5522954780807732
གི་,15,0.5177770107007249
བར་,13,0.44874007594062826
གྱིས་,13,0.44874007594062826
སེམས་,13,0.44874007594062826
དེ་,12,0.41422160856057993
ཡིན་,11,0.37970314118053156
མེད་པ,11,0.37970314118053156
རྣམས་,11,0.37970314118053156
ན་,10,0.3451846738004833
ཀྱིས་,10,0.3451846738004833
འང་,10,0.3451846738004833
ནས,10,0.3451846738004833
བདག་,10,0.3451846738004833
འདི་,10,0.3451846738004833
ཏེ,9,0.3106662064204349
ནང་,9,0.3106662064204349
གསུངས་པ,9,0.3106662064204349
འདི,9,0.3106662064204349
མེད,9,0.3106662064204349
ན,9,0.3106662064204349
མཛོད,9,0.3106662064204349
ས་ལེ་,9,0.3106662064204349
ཅན་,8,0.2761477390403866
སངས་རྒྱས་,8,0.2761477390403866
རང་,8,0.2761477390403866
ལོང་,8,0.2761477390403866
འོད་,8,0.2761477390403866
ཡང་,8,0.2761477390403866
ཏུ་,8,0.2761477390403866
ཞེས་,8,0.2761477390403866
འི,8,0.2761477390403866
སྐྱེས,8,0.2761477390403866
ལོ་,7,0.2416292716603383
གིས་,7,0.2416292716603383
བརྒྱ་ལ་,7,0.2416292716603383
ཁྱེད་,7,0.2416292716603383
ལུས་,7,0.2416292716603383
བློ་,7,0.2416292716603383
ལྷ་ཆོས་,7,0.2416292716603383
དཔེ་,7,0.2416292716603383
དོན་,7,0.2416292716603383
བསམས་,7,0.2416292716603383
འཚལ,7,0.2416292716603383
བྱུང་,6,0.20711080428028997
ཏེ་,6,0.20711080428028997
གླུ་,6,0.20711080428028997
ཙ་ན,6,0.20711080428028997
ཁྱོད་,6,0.20711080428028997
མོ,6,0.20711080428028997
ཡི,6,0.20711080428028997
ཡི་,6,0.20711080428028997
རྙེད་,6,0.20711080428028997
ཀུན་,6,0.20711080428028997
འཁོར་བ,6,0.20711080428028997
ལམ་,6,0.20711080428028997
དད་,6,0.20711080428028997
བཞིན་,6,0.20711080428028997
བུ་,6,0.20711080428028997
བླ་མ་,6,0.20711080428028997
ཤིང་,6,0.20711080428028997
སྐྱོ་བ་,6,0.20711080428028997
དེས་ན་,6,0.20711080428028997
བྱེད,6,0.20711080428028997
གཉའ་ནང་,5,0.17259233690024164
ཞིང་,5,0.17259233690024164
བཟང་པོ་,5,0.17259233690024164
བྱུང་བ་,5,0.17259233690024164
སུ་,5,0.17259233690024164
ཟེར་བ་,5,0.17259233690024164
ཉི་ཟླ་,5,0.17259233690024164
གཉིས་,5,0.17259233690024164
ཕྱིར་,5,0.17259233690024164
འཇིག་རྟེན་,5,0.17259233690024164
ཤིག་,5,0.17259233690024164
གནང་,5,0.17259233690024164
ཕུལ་བ,5,0.17259233690024164
མི་རྟག་,5,0.17259233690024164
འདྲ,5,0.17259233690024164
བདེ,5,0.17259233690024164
ནོར་,5,0.17259233690024164
མེད་,5,0.17259233690024164
བསོད་ནམས་,5,0.17259233690024164
ཡིད་,5,0.17259233690024164
ཆེན་པོ,5,0.17259233690024164
བཀའ་དྲིན་,5,0.17259233690024164
དགོས,5,0.17259233690024164
དད་པ་,5,0.17259233690024164
ཐམས་ཅད་,5,0.17259233690024164
གྱིས,5,0.17259233690024164
ཐ་མ,5,0.17259233690024164
དང་པོ,5,0.17259233690024164
སྐྱོན་,5,0.17259233690024164
རྒྱུད་,5,0.17259233690024164
ཕུག་,4,0.1380738695201933
ང་,4,0.1380738695201933
མོ་,4,0.1380738695201933
གང་,4,0.1380738695201933
སྲིད,4,0.1380738695201933
ཐུགས་རྗེ་,4,0.1380738695201933
ལྟ་བུ,4,0.1380738695201933
བྱིན་,4,0.1380738695201933
གཅིག་,4,0.1380738695201933
ཆེན་པོ་,4,0.1380738695201933
དང༌,4,0.1380738695201933
བལྟས་,4,0.1380738695201933
དུས་,4,0.1380738695201933
བྱེད་,4,0.1380738695201933
གསེར་,4,0.1380738695201933
ཅན,4,0.1380738695201933
གདའ,4,0.1380738695201933
ལྡན་,4,0.1380738695201933
ར,4,0.1380738695201933
སྣང་བ་,4,0.1380738695201933
སྙིང་,4,0.1380738695201933
ཐུགས་,4,0.1380738695201933
ཆེ,4,0.1380738695201933
རྒྱུན་,4,0.1380738695201933
བྱས,4,0.1380738695201933
དབང་,4,0.1380738695201933
རི་,4,0.1380738695201933
འོད,4,0.1380738695201933
རི་ཁྲོད་,4,0.1380738695201933
ཆད་,4,0.1380738695201933
བླ་མ,4,0.1380738695201933
རྟོགས་པ་,4,0.1380738695201933
ངང་,4,0.1380738695201933
རས་,4,0.1380738695201933
གྲོལ་,4,0.1380738695201933
ལཱིས,4,0.1380738695201933
གྲོད་,3,0.10355540214014498
བྱོན་,3,0.10355540214014498
ཆུ་,3,0.10355540214014498
ཚ་བ་,3,0.10355540214014498
རྨི་ལམ་,3,0.10355540214014498
ཤེས་,3,0.10355540214014498
ཟེར་བ,3,0.10355540214014498
ཞལ་,3,0.10355540214014498
མི་ལ་,3,0.10355540214014498
མིན་,3,0.10355540214014498
རུང་,3,0.10355540214014498
འགྲོ་བ་,3,0.10355540214014498
ཕྱག་,3,0.10355540214014498
ཤར་,3,0.10355540214014498
བྱས་,3,0.10355540214014498
ནམ་,3,0.10355540214014498
གྲོགས་,3,0.10355540214014498
ཞུ་དོན་,3,0.10355540214014498
གཉིད་,3,0.10355540214014498
བསམ་མནོ་,3,0.10355540214014498
ལན་,3,0.10355540214014498
འདྲ་,3,0.10355540214014498
སྟེ་,3,0.10355540214014498
ཕ་,3,0.10355540214014498
ད་,3,0.10355540214014498
མོས་,3,0.10355540214014498
ནུས་,3,0.10355540214014498
གསུངས་,3,0.10355540214014498
མགུར་,3,0.10355540214014498
དྲིན་ཅན་,3,0.10355540214014498
འདུད,3,0.10355540214014498
ལྷ་,3,0.10355540214014498
རྡོ་རྗེ་,3,0.10355540214014498
མཇལ་,3,0.10355540214014498
རྒྱ་མཚོ་,3,0.10355540214014498
རྣམས,3,0.10355540214014498
ངན་སོང་,3,0.10355540214014498
ཕྱུགས་,3,0.10355540214014498
ཕུལ་,3,0.10355540214014498
ཤི་,3,0.10355540214014498
སྡུག་བསྔལ་,3,0.10355540214014498
ངོ་,3,0.10355540214014498
འཛིང༌,3,0.10355540214014498
འདོད་པ,3,0.10355540214014498
ལུགས་,3,0.10355540214014498
བྲལ་བ,3,0.10355540214014498
མཆོད་པ་,3,0.10355540214014498
རྟགས་,3,0.10355540214014498
ཡོན་ཏན་,3,0.10355540214014498
སོ,3,0.10355540214014498
ཤེས་རབ་,3,0.10355540214014498
སྟེ,3,0.10355540214014498
འོད་གསལ་,3,0.10355540214014498
ཆུང་པ་,3,0.10355540214014498
བྱོན་པ,3,0.10355540214014498
མཛད་པ,3,0.10355540214014498
སྨིན་,3,0.10355540214014498
ཙཎྜ་,3,0.10355540214014498
མི་ལ་རས་པ་,2,0.06903693476009665
སྔོ་,2,0.06903693476009665
ལྡོམ་བུ་,2,0.06903693476009665
བྱས་པ་,2,0.06903693476009665
རྣལ་འབྱོར་པ་,2,0.06903693476009665
དགོས་,2,0.06903693476009665
ངེད་,2,0.06903693476009665
འདྲེན་,2,0.06903693476009665
འདུག་,2,0.06903693476009665
སོང་བ་,2,0.06903693476009665
དྲན་,2,0.06903693476009665
འོང་,2,0.06903693476009665
ཤིང༌,2,0.06903693476009665
ཡིན་པ,2,0.06903693476009665
མདང་,2,0.06903693476009665
ཁོང་,2,0.06903693476009665
ལྟ་,2,0.06903693476009665
སྙམ་,2,0.06903693476009665
ཕྱིན་,2,0.06903693476009665
དྲངས་,2,0.06903693476009665
ལགས་,2,0.06903693476009665
འདུག་པ་,2,0.06903693476009665
བྱུང་བ,2,0.06903693476009665
ཕྱི་,2,0.06903693476009665
མཐོང་བ་,2,0.06903693476009665
འོང་བ་,2,0.06903693476009665
སྲིད་,2,0.06903693476009665
བརླབས་,2,0.06903693476009665
དེ་ནས་,2,0.06903693476009665
དྲུང་,2,0.06903693476009665
རུ་,2,0.06903693476009665
རྣལ་འབྱོར་,2,0.06903693476009665
གྲུབ་ཐོབ་,2,0.06903693476009665
སྙན་,2,0.06903693476009665
གསོན་,2,0.06903693476009665
རྩྭ་ཁ,2,0.06903693476009665
ཟིལ་པ་,2,0.06903693476009665
སྐྱེས་པ,2,0.06903693476009665
རྒྱལ་པོ,2,0.06903693476009665
རྟོག་དཔྱོད་,2,0.06903693476009665
བཏང་,2,0.06903693476009665
བཏང༌,2,0.06903693476009665
མི་ལུས་,2,0.06903693476009665
རྒྱབ་,2,0.06903693476009665
ཟ་མ,2,0.06903693476009665
འཆི་,2,0.06903693476009665
དུ,2,0.06903693476009665
དམ་པ,2,0.06903693476009665
གསོལ,2,0.06903693476009665
ནུས,2,0.06903693476009665
ད་དུང་,2,0.06903693476009665
ཉམས་སད་པ,2,0.06903693476009665
དཀའ,2,0.06903693476009665
དེ་བ,2,0.06903693476009665
སྒྱུར་,2,0.06903693476009665
ཞབས་,2,0.06903693476009665
ཡ་,2,0.06903693476009665
ལྡན་པ་,2,0.06903693476009665
ངོ་མཚར་,2,0.06903693476009665
ཕལ་,2,0.06903693476009665
གནས,2,0.06903693476009665
སྡོང་པོ་,2,0.06903693476009665
ལེན་,2,0.06903693476009665
ཤེས,2,0.06903693476009665
ཉམ་ཐག་,2,0.06903693476009665
རང་བྱུང་,2,0.06903693476009665
གསུམ་,2,0.06903693476009665
གནས་,2,0.06903693476009665
གལ་ཏེ་,2,0.06903693476009665
དལ་འབྱོར་,2,0.06903693476009665
ཐོབ་,2,0.06903693476009665
འཕྲོ་,2,0.06903693476009665
འཇུག་པ་,2,0.06903693476009665
རྡིག་,2,0.06903693476009665
ཡིན,2,0.06903693476009665
འགྱུར་མེད་,2,0.06903693476009665
ལན་ཆགས་,2,0.06903693476009665
ས་མཁར་,2,0.06903693476009665
ཞིག་རལ་,2,0.06903693476009665
ལུག་,2,0.06903693476009665
སྐྱོངས,2,0.06903693476009665
དཀོན་མཆོག་,2,0.06903693476009665
གསོལ་བ་,2,0.06903693476009665
ཐོབ,2,0.06903693476009665
མཇལ་བ,2,0.06903693476009665
འདེབས,2,0.06903693476009665
ཞེ་,2,0.06903693476009665
འབུལ་བ་,2,0.06903693476009665
མཐོང༌,2,0.06903693476009665
ཚེ་,2,0.06903693476009665
མྱོང་,2,0.06903693476009665
གཉའ་,2,0.06903693476009665
ཕ་མ,2,0.06903693476009665
ཟས་ནོར་,2,0.06903693476009665
སུ,2,0.06903693476009665
དོན་མེད་,2,0.06903693476009665
དང་པོ་,2,0.06903693476009665
རེ་རེ་,2,0.06903693476009665
འཕྲོག་པོ,2,0.06903693476009665
སྲས་,2,0.06903693476009665
རིག་པ,2,0.06903693476009665
ཙམ,2,0.06903693476009665
བསྐུར,2,0.06903693476009665
བསམ་གཏན་,2,0.06903693476009665
ཡིས,2,0.06903693476009665
ཟིན་,2,0.06903693476009665
འདུ་ཤེས་,2,0.06903693476009665
ཀྱིས,2,0.06903693476009665
ང་རྒྱལ་,2,0.06903693476009665
རིགས་,2,0.06903693476009665
དྲུག་,2,0.06903693476009665
སྙིང་རྗེ,2,0.06903693476009665
ལྟ,2,0.06903693476009665
སྟོན་པ་,2,0.06903693476009665
དེ་ཕྱིར་,2,0.06903693476009665
ཞེན་པ་,2,0.06903693476009665
གསུངས,2,0.06903693476009665
སྒྱུ་མ་,2,0.06903693476009665
བཞེས་,2,0.06903693476009665
ཆོས་སྒོ,2,0.06903693476009665
བཤམས,2,0.06903693476009665
དྲོད་,2,0.06903693476009665
ཐུབ་པ་,2,0.06903693476009665
འདུག,2,0.06903693476009665
ཉམས་རྟོགས་,2,0.06903693476009665
འདུག་པ,2,0.06903693476009665
སོངས,2,0.06903693476009665
གསུང་,2,0.06903693476009665
བཟང་,2,0.06903693476009665
མཁའ་འགྲོ་,2,0.06903693476009665
གོང་,2,0.06903693476009665
སྙན་པ,2,0.06903693476009665
བྱིན་རླབས་,2,0.06903693476009665
དགོངས་པ་,2,0.06903693476009665
ལྟོས,2,0.06903693476009665
གོང་མ,2,0.06903693476009665
ཡེངས་,2,0.06903693476009665
ཅིག་,2,0.06903693476009665
མ་གི་,2,0.06903693476009665
མོས་གུས་,2,0.06903693476009665
གནས་ལུགས་,2,0.06903693476009665
ཐབས་,2,0.06903693476009665
གསལ་,2,0.06903693476009665
འགྲིབ་,2,0.06903693476009665
རང་སེམས་,2,0.06903693476009665
བརྗེད་པ,2,0.06903693476009665
བརྒྱ་,2,0.06903693476009665
འབུལ་,2,0.06903693476009665
མ,2,0.06903693476009665
ཚོགས་,2,0.06903693476009665
སོང་,2,0.06903693476009665
བྲག་དམར་,2,0.06903693476009665
གཟིགས་པ,2,0.06903693476009665
སྟོབས་,2,0.06903693476009665
ལ་བ,2,0.06903693476009665
དགོངས་,2,0.06903693476009665
རས་ཆེན་,2,0.06903693476009665
བར་ཆད་,2,0.06903693476009665
གཡོ,2,0.06903693476009665
བསྟེན,2,0.06903693476009665
ཐབས་ལམ་,2,0.06903693476009665
ཤར,2,0.06903693476009665
དྲི་རྨེད་,2,0.06903693476009665
ཡུན་རིང་,2,0.06903693476009665
མང་,2,0.06903693476009665
ལྟོ་,2,0.06903693476009665
དཀ,2,0.06903693476009665
ནཱ་,2,0.06903693476009665
འཛིན་,2,0.06903693476009665
རང་ས,2,0.06903693476009665
ཕྱག་རྒྱ་,2,0.06903693476009665
རྟོགས་པ,2,0.06903693476009665
བསྟན་པ་,2,0.06903693476009665
རོ,2,0.06903693476009665
ཕྱོགས་,2,0.06903693476009665
བཅུར་,2,0.06903693476009665
ཅིང་,2,0.06903693476009665
སྐྱེས་པ་,2,0.06903693476009665
གསང་སྔགས་,2,0.06903693476009665
ངན་,2,0.06903693476009665
༈,1,0.03451846738004832
ན་མོ་,1,0.03451846738004832
གུ་རུ,1,0.03451846738004832
དེ་ཉིད་,1,0.03451846738004832
སྐང་,1,0.03451846738004832
རོ་,1,0.03451846738004832
སྙོམས་,1,0.03451846738004832
དུ་ཞག་,1,0.03451846738004832
ཤས་,1,0.03451846738004832
བཞུགས་,1,0.03451846738004832
སྣག་,1,0.03451846738004832
ཕྲ,1,0.03451846738004832
ཕྱག་ཕེབས་པ་,1,0.03451846738004832
སངས་,1,0.03451846738004832
སྨིན་མ་,1,0.03451846738004832
སྨ་ར་,1,0.03451846738004832
སེ,1,0.03451846738004832
ཁྱུག་,1,0.03451846738004832
གེ་བ་,1,0.03451846738004832
བཅུ་དྲུག་,1,0.03451846738004832
ཙམ་,1,0.03451846738004832
ལོན་པ་,1,0.03451846738004832
རྒྱན་གོས་,1,0.03451846738004832
བླངས་,1,0.03451846738004832
ལ་ད་,1,0.03451846738004832
སྟེར་,1,0.03451846738004832
ན་རེ,1,0.03451846738004832
ས་ལམ་,1,0.03451846738004832
སྒོ་,1,0.03451846738004832
བ་བྱུང་,1,0.03451846738004832
ཚད་,1,0.03451846738004832
ལང་,1,0.03451846738004832
ཟེར་,1,0.03451846738004832
ཀར་,1,0.03451846738004832
བཞུགས་པ་,1,0.03451846738004832
ནུབ་,1,0.03451846738004832
སྤྱིར་,1,0.03451846738004832
ལྤགས་,1,0.03451846738004832
གཏུམས་པ་,1,0.03451846738004832
ཁྱད་པར་,1,0.03451846738004832
ངེས་པ,1,0.03451846738004832
བྱ་ན་,1,0.03451846738004832
ཁྱེར་,1,0.03451846738004832
ཉེ་འཁོར་,1,0.03451846738004832
ལྡོམ་བུ་བ་,1,0.03451846738004832
ནི་,1,0.03451846738004832
ཆེ་,1,0.03451846738004832
དུའང་,1,0.03451846738004832
༑མོ་ལུས་,1,0.03451846738004832
དད་པ,1,0.03451846738004832
སྤུ་,1,0.03451846738004832
གཡོས་,1,0.03451846738004832
འཚལ་,1,0.03451846738004832
ཀ་,1,0.03451846738004832
ཇི་ལྟ་བུ་,1,0.03451846738004832
ཤར་ཕྱོགས་,1,0.03451846738004832
ལྡན་པ,1,0.03451846738004832
ཐོན་,1,0.03451846738004832
ཤར་བ,1,0.03451846738004832
འདྲེས་,1,0.03451846738004832
ཁམས་,1,0.03451846738004832
ཀུན་གསལ་,1,0.03451846738004832
ལེ་,1,0.03451846738004832
རྨི,1,0.03451846738004832
ཕྱག་ཕྱི,1,0.03451846738004832
འབྲངས་,1,0.03451846738004832
གསུང༌,1,0.03451846738004832
ཏིང་ངེ་འཛིན་,1,0.03451846738004832
ནོ,1,0.03451846738004832
རིང་པོ་,1,0.03451846738004832
མ་ཐོགས་པ,1,0.03451846738004832
སྔར་,1,0.03451846738004832
བསྡེབས་,1,0.03451846738004832
ཞུ་,1,0.03451846738004832
གསེར་ཐིག་པ་,1,0.03451846738004832
ཕྱག་རྟེན་,1,0.03451846738004832
ཨེ་མ་,1,0.03451846738004832
རས་ཆེན་པ,1,0.03451846738004832
བདག་སྐྱེས་པ,1,0.03451846738004832
འགྲོགས་པ,1,0.03451846738004832
གཉེན་,1,0.03451846738004832
ཚོང་དུས་,1,0.03451846738004832
མགྲོན་པོ་,1,0.03451846738004832
བསོགས་པ,1,0.03451846738004832
སྦྲང་མ,1,0.03451846738004832
སྦྲང་རྩི་,1,0.03451846738004832
ཡུལ་,1,0.03451846738004832
སྡིག་སྤྱོད་,1,0.03451846738004832
བཙོན་ར་,1,0.03451846738004832
ཉིན་པ,1,0.03451846738004832
ཡིས་,1,0.03451846738004832
མཚན་མོ་,1,0.03451846738004832
སྔོན་ཆད་,1,0.03451846738004832
བསགས་པ,1,0.03451846738004832
མཐུ,1,0.03451846738004832
ཐོབ་པ་,1,0.03451846738004832
ཟླ་བ,1,0.03451846738004832
དེད,1,0.03451846738004832
ཞག་,1,0.03451846738004832
མདུན་,1,0.03451846738004832
ཁྲིད,1,0.03451846738004832
སྐད་ཅིག་,1,0.03451846738004832
རེས་,1,0.03451846738004832
ལ་ཉེ,1,0.03451846738004832
སྡོང་,1,0.03451846738004832
རུལ་,1,0.03451846738004832
འགྱེལ་,1,0.03451846738004832
མཉམ,1,0.03451846738004832
དབུགས་,1,0.03451846738004832
ན་བུན་,1,0.03451846738004832
ཡལ་,1,0.03451846738004832
ཁད,1,0.03451846738004832
བཏང་བ,1,0.03451846738004832
ཡང་ཡང་,1,0.03451846738004832
འགྲུས་པ,1,0.03451846738004832
ཁུགས,1,0.03451846738004832
ཞབས་དྲུང་,1,0.03451846738004832
གཏད་,1,0.03451846738004832
འོངས,1,0.03451846738004832
བསྐྱབ་,1,0.03451846738004832
ཞུས་པ,1,0.03451846738004832
ཁོ་ན་,1,0.03451846738004832
སམ་,1,0.03451846738004832
ལ་ཁ་,1,0.03451846738004832
དམ་,1,0.03451846738004832
ཕྱུག་པོ,1,0.03451846738004832
བུ་མོ,1,0.03451846738004832
དོགས་,1,0.03451846738004832
མགོ་ཐོན་པ་,1,0.03451846738004832
ད་ལྟ་,1,0.03451846738004832
གཞོན་,1,0.03451846738004832
དྲག་,1,0.03451846738004832
ཞུས་,1,0.03451846738004832
དཔལ་,1,0.03451846738004832
འཁོར་ལོ,1,0.03451846738004832
རྒྱལ་,1,0.03451846738004832
སྤྲུལ་པ,1,0.03451846738004832
སྐུ,1,0.03451846738004832
མར་པ,1,0.03451846738004832
ཀི་,1,0.03451846738004832
དགའ་ལྡན་,1,0.03451846738004832
ལྷ་ཡུལ་,1,0.03451846738004832
གྱི,1,0.03451846738004832
ཡོངས་འདུ་,1,0.03451846738004832
ཚལ་,1,0.03451846738004832
ཕོ་བྲང་,1,0.03451846738004832
བཀྲག་མདངས་,1,0.03451846738004832
དྲི་བསུང་,1,0.03451846738004832
མེ་ཏོག་,1,0.03451846738004832
སྦྲང་མ་,1,0.03451846738004832
བཅུད་,1,0.03451846738004832
འཛམ་གླིང་,1,0.03451846738004832
རི་རྒྱལ་,1,0.03451846738004832
ལྷོ་ཕྱོགས་,1,0.03451846738004832
སྡིག་སྒྲིབ་,1,0.03451846738004832
བག་ཆགས་,1,0.03451846738004832
འཁྲུད་པ,1,0.03451846738004832
ཡན་ལག་,1,0.03451846738004832
བརྒྱད་,1,0.03451846738004832
ཁྲུས་,1,0.03451846738004832
རྫིང༌,1,0.03451846738004832
འདབ་ཆགས་,1,0.03451846738004832
གདན་,1,0.03451846738004832
བྱང་ཕྱོགས་,1,0.03451846738004832
འདུ་བ,1,0.03451846738004832
ནད་,1,0.03451846738004832
སེལ་,1,0.03451846738004832
བྱེད་པ,1,0.03451846738004832
ཙནྡན་,1,0.03451846738004832
སྨན་,1,0.03451846738004832
མི་ཚད་,1,0.03451846738004832
ནད་ཅན་,1,0.03451846738004832
༑བྱང་ཕྱོགས་,1,0.03451846738004832
ཁ་བ་,1,0.03451846738004832
ཡུལ,1,0.03451846738004832
བལ་,1,0.03451846738004832
བོད་,1,0.03451846738004832
སོ་མཚམས་,1,0.03451846738004832
མགོན,1,0.03451846738004832
ཝ་ཏི་,1,0.03451846738004832
བཞུགས,1,0.03451846738004832
སྐལ་མེད་,1,0.03451846738004832
མཐའ་མེད་,1,0.03451846738004832
གདེངས་,1,0.03451846738004832
འཁྱམ,1,0.03451846738004832
མཐུད་,1,0.03451846738004832
གསོག་,1,0.03451846738004832
བསགས་,1,0.03451846738004832
རློམཔསཁྱེར,1,0.03451846738004832
ཉིན་,1,0.03451846738004832
སྐར་མ་,1,0.03451846738004832
ལྟ་བུ་,1,0.03451846738004832
བདེ་,1,0.03451846738004832
བདེ་བ,1,0.03451846738004832
འགྲོ་བ,1,0.03451846738004832
ལམ,1,0.03451846738004832
དམ་ཆོས་,1,0.03451846738004832
བརྒྱལཆོས་,1,0.03451846738004832
སྒོར་,1,0.03451846738004832
ཞུགས་,1,0.03451846738004832
ཡང༌,1,0.03451846738004832
དམ་ཚིག་,1,0.03451846738004832
ཚུལ་བཞིན་,1,0.03451846738004832
བསྲུང་བ་,1,0.03451846738004832
ཉུང༌,1,0.03451846738004832
དུ་ཡོད,1,0.03451846738004832
འདོད,1,0.03451846738004832
ལྔ་,1,0.03451846738004832
དྲུག་པོ་,1,0.03451846738004832
ཉ་མ,1,0.03451846738004832
ད་ལྟར་,1,0.03451846738004832
གློ་བུར་,1,0.03451846738004832
རྟག་,1,0.03451846738004832
ལོག་པ་,1,0.03451846738004832
འཐད,1,0.03451846738004832
བློ་རྩེ་,1,0.03451846738004832
གཏོད,1,0.03451846738004832
བསྐོས་པ,1,0.03451846738004832
གཏན་གྲོགས་,1,0.03451846738004832
ཁུར,1,0.03451846738004832
བྱི་དོར་,1,0.03451846738004832
མཐོན་པོ,1,0.03451846738004832
གསོས,1,0.03451846738004832
བཤོས་,1,0.03451846738004832
རེམ་པ་,1,0.03451846738004832
མཐའ་,1,0.03451846738004832
ཐུལ,1,0.03451846738004832
ལྟོས་པ,1,0.03451846738004832
ཡར་,1,0.03451846738004832
མཆོད,1,0.03451846738004832
མར་,1,0.03451846738004832
སྡུག་,1,0.03451846738004832
ཕོངས་,1,0.03451846738004832
བྱམས་པ,1,0.03451846738004832
གྱོས་,1,0.03451846738004832
སྒྱུག་,1,0.03451846738004832
ཞབས་ཏོག་,1,0.03451846738004832
ཡུལ་མི་,1,0.03451846738004832
ཁྱིམ་,1,0.03451846738004832
མཚེས་,1,0.03451846738004832
བསྟུན,1,0.03451846738004832
རྒན་པོ་,1,0.03451846738004832
ནམ་ཕུགས་,1,0.03451846738004832
སྨོན,1,0.03451846738004832
བཀྲ་ཤིས་,1,0.03451846738004832
ཚེ་རིང་,1,0.03451846738004832
སྨོན་ལམ་,1,0.03451846738004832
ཉེས་དམིགས་,1,0.03451846738004832
ཐག་པ་,1,0.03451846738004832
བྱེད་པ་,1,0.03451846738004832
མ་གཏོགས,1,0.03451846738004832
འདོད་,1,0.03451846738004832
རྩ་བ་,1,0.03451846738004832
རྒྱུ་མཚན་,1,0.03451846738004832
འདི་ལྟར་,1,0.03451846738004832
གླུ,1,0.03451846738004832
འདོད་དོན་,1,0.03451846738004832
གྲུབ་པ,1,0.03451846738004832
རློབས,1,0.03451846738004832
རྗེ་,1,0.03451846738004832
རས་པ་,1,0.03451846738004832
བདག་མོ,1,0.03451846738004832
ས་པ,1,0.03451846738004832
ཞུ་བ་,1,0.03451846738004832
རྫུན་,1,0.03451846738004832
ཁ་ཚིག་,1,0.03451846738004832
མཁྱེན,1,0.03451846738004832
རང་ཉིད་,1,0.03451846738004832
ཡི་མུག་,1,0.03451846738004832
ཅི་དྲག་,1,0.03451846738004832
འཆི་བ་,1,0.03451846738004832
གཏིང་,1,0.03451846738004832
དྲན,1,0.03451846738004832
མ་ལ་,1,0.03451846738004832
སྐྱེས་,1,0.03451846738004832
ད་བར་,1,0.03451846738004832
རྒན་གཞོན་,1,0.03451846738004832
མང་པོ་,1,0.03451846738004832
ཤི་བ་,1,0.03451846738004832
དེ་ཞག་,1,0.03451846738004832
ཚོར་,1,0.03451846738004832
འཛད,1,0.03451846738004832
འཆི་བ,1,0.03451846738004832
ས་ཕྱོགས་,1,0.03451846738004832
གོ,1,0.03451846738004832
ངེས་པར་,1,0.03451846738004832
གར་,1,0.03451846738004832
སྐྱེ་,1,0.03451846738004832
རང་དབང་,1,0.03451846738004832
ཤིན་ཏུ་,1,0.03451846738004832
འཇིགས,1,0.03451846738004832
འཁོར་བ་,1,0.03451846738004832
གཞན་,1,0.03451846738004832
ཚུལ་,1,0.03451846738004832
བསམས,1,0.03451846738004832
ལས་ངན་,1,0.03451846738004832
ཁྱིམ་ཐབ་,1,0.03451846738004832
དོ་,1,0.03451846738004832
ཞེས,1,0.03451846738004832
གཡོས་སྦྱོར་,1,0.03451846738004832
ཕ་མ་,1,0.03451846738004832
བོར,1,0.03451846738004832
དྲིན་,1,0.03451846738004832
བསྐྱལ,1,0.03451846738004832
འགྲམ་,1,0.03451846738004832
གཞི་,1,0.03451846738004832
བཏིང༌,1,0.03451846738004832
མཐོ་རིས་,1,0.03451846738004832
ཐར་པ,1,0.03451846738004832
སྒྱེལ,1,0.03451846738004832
ཁུར་,1,0.03451846738004832
གཡོག་,1,0.03451846738004832
བརྩོན,1,0.03451846738004832
མཆོང་བ,1,0.03451846738004832
ལྷ་བུ་,1,0.03451846738004832
འཛུམ་བག་,1,0.03451846738004832
བདུད་པོ་,1,0.03451846738004832
ནག་པོ,1,0.03451846738004832
གླང་,1,0.03451846738004832
བརྡུང་,1,0.03451846738004832
སྙིང་ཅན,1,0.03451846738004832
སྤུན་,1,0.03451846738004832
འགྲོགས,1,0.03451846738004832
བུ,1,0.03451846738004832
ལས་ཅན་,1,0.03451846738004832
རེ་ཙམ་,1,0.03451846738004832
ཕལ་ཆེར་,1,0.03451846738004832
འདེད་,1,0.03451846738004832
མཁན་,1,0.03451846738004832
མདངས་འཕྲོག་པོ,1,0.03451846738004832
ཁ་,1,0.03451846738004832
ཟས་,1,0.03451846738004832
ལག་,1,0.03451846738004832
ཆོསབྱེད,1,0.03451846738004832
ཁྱེའུ་,1,0.03451846738004832
ཆུང་,1,0.03451846738004832
གསོ,1,0.03451846738004832
གཙུག་ལག་ཁང་,1,0.03451846738004832
མགྲོན་ཁང་,1,0.03451846738004832
སོགས,1,0.03451846738004832
བརྩིགས་པ་,1,0.03451846738004832
དོན་ཡོད་,1,0.03451846738004832
བཙོན་,1,0.03451846738004832
དོང་,1,0.03451846738004832
ངལ་དུབ་,1,0.03451846738004832
ཕུང་,1,0.03451846738004832
འཇིག་,1,0.03451846738004832
མཁར་བུ་,1,0.03451846738004832
རྩིག,1,0.03451846738004832
བདེ་གཤེགས་,1,0.03451846738004832
གསུང་རབ་,1,0.03451846738004832
སྐུ་གཟུགས་,1,0.03451846738004832
དགེ་,1,0.03451846738004832
མ་གཏོགས་པ,1,0.03451846738004832
བཤོས་ཞིང་,1,0.03451846738004832
ཐང་སྟོང་,1,0.03451846738004832
འབྱུང་བ་,1,0.03451846738004832
མགོ་ནག་,1,0.03451846738004832
རང་རྒྱུད་,1,0.03451846738004832
ཐ་རྒོད་,1,0.03451846738004832
འདུལ,1,0.03451846738004832
སེམས་བསྐྱེད་,1,0.03451846738004832
བསམ་པ་,1,0.03451846738004832
འོང་བ,1,0.03451846738004832
མ་ཟིན་,1,0.03451846738004832
བསྐྱང་བ་,1,0.03451846738004832
སྡིག་པ,1,0.03451846738004832
བརྣབ་སེམས་,1,0.03451846738004832
ཕྲལ,1,0.03451846738004832
ཕྲག་དོག་,1,0.03451846738004832
འཕེལ,1,0.03451846738004832
དགྲ་བོ,1,0.03451846738004832
གཡབ་མོ་,1,0.03451846738004832
སྐྱོང་,1,0.03451846738004832
ཟིན་པ,1,0.03451846738004832
མཐུན་པ་,1,0.03451846738004832
ག་ལ་,1,0.03451846738004832
འབྱུང༌,1,0.03451846738004832
ཉེས་པ,1,0.03451846738004832
དྲི་མ་,1,0.03451846738004832
ཀུན་མཁྱེན་,1,0.03451846738004832
འང༌,1,0.03451846738004832
སྡིག་ཅན་,1,0.03451846738004832
ལ་སོགས་,1,0.03451846738004832
ནག་ཕྱོགས་,1,0.03451846738004832
ཕུང་པོ་,1,0.03451846738004832
དག་,1,0.03451846738004832
མཐུན་,1,0.03451846738004832
བཟུང་བ,1,0.03451846738004832
ད་ནི་,1,0.03451846738004832
རང་ཞལ་,1,0.03451846738004832
སྤྲུལ་པ་,1,0.03451846738004832
ཉིད་,1,0.03451846738004832
ཀྱི,1,0.03451846738004832
འཆར,1,0.03451846738004832
ཡོད་མེད་,1,0.03451846738004832
འཇིག་རྟེན་པ་,1,0.03451846738004832
སྤོང་,1,0.03451846738004832
ཅིས་ཀྱང་,1,0.03451846738004832
འབུལ,1,0.03451846738004832
ཆེ་བ,1,0.03451846738004832
དངོས་པོ་,1,0.03451846738004832
སྤོང་བ,1,0.03451846738004832
རྒྱལ་བ་,1,0.03451846738004832
དགེ་བ,1,0.03451846738004832
སྤྱད་,1,0.03451846738004832
འགྲོ་,1,0.03451846738004832
རྣ་བ,1,0.03451846738004832
ཐོས,1,0.03451846738004832
ལགས,1,0.03451846738004832
མོས་པ,1,0.03451846738004832
རྟེན་,1,0.03451846738004832
ཀྱང༌,1,0.03451846738004832
ཞུ,1,0.03451846738004832
རེ་ཞིག་,1,0.03451846738004832
མིང་,1,0.03451846738004832
སླར་ཡང་,1,0.03451846738004832
མོ་རང་,1,0.03451846738004832
འཇུག་པ,1,0.03451846738004832
ཡི་དམ་,1,0.03451846738004832
ཤོམས་,1,0.03451846738004832
ཚོགས་མཆོད་,1,0.03451846738004832
རྒྱ་ཆེན་པོ་,1,0.03451846738004832
མོ་ལ་,1,0.03451846738004832
མདོ་,1,0.03451846738004832
དགེ་བསྙེན་མ,1,0.03451846738004832
སྡོམ་པ་,1,0.03451846738004832
སྔགས་ལུགས་,1,0.03451846738004832
བསྐར་,1,0.03451846738004832
བཏགས,1,0.03451846738004832
༑གདམས་ངག་,1,0.03451846738004832
ཕོག་,1,0.03451846738004832
བཅུག་པ,1,0.03451846738004832
མྱུར་,1,0.03451846738004832
སྙིང་རུས་,1,0.03451846738004832
དགའ་མོ་,1,0.03451846738004832
གཅིག་པུ,1,0.03451846738004832
རིལ་,1,0.03451846738004832
ཕྲད་,1,0.03451846738004832
སྙིང་གཏམ་,1,0.03451846738004832
ཟུངས་,1,0.03451846738004832
ཞལ་གདམས་,1,0.03451846738004832
མཚན་ལྡན་,1,0.03451846738004832
གསུམ་པོ་,1,0.03451846738004832
སྐྱབས་གནས་,1,0.03451846738004832
ཆོས་སྐྱོང་,1,0.03451846738004832
མཐུ་རྩལ་,1,0.03451846738004832
སྨོས་པ་,1,0.03451846738004832
སྡེབ་སྦྱོར་,1,0.03451846738004832
ཚིག་,1,0.03451846738004832
བརྒྱུད་པ,1,0.03451846738004832
ཡོད,1,0.03451846738004832
རྒྱལ་བ,1,0.03451846738004832
མེ་ལོང་,1,0.03451846738004832
གཡའ་,1,0.03451846738004832
ཕྱིས་,1,0.03451846738004832
དྲི་མེད་,1,0.03451846738004832
ནམ་མཁ,1,0.03451846738004832
དབྱིངས་,1,0.03451846738004832
བརླབས་པ,1,0.03451846738004832
དབེན་གནས་,1,0.03451846738004832
འགྲིམས་པ,1,0.03451846738004832
དགོས་པ་,1,0.03451846738004832
གཤིས་,1,0.03451846738004832
ཁོ་བོ,1,0.03451846738004832
བཤད,1,0.03451846738004832
ཉོན་,1,0.03451846738004832
ཞུགས་པ་,1,0.03451846738004832
རི་བོ་,1,0.03451846738004832
ཡ་གི་,1,0.03451846738004832
གཡོ་འགུལ་,1,0.03451846738004832
སྐྱེ་བ་,1,0.03451846738004832
སྐྱིད་སྡུག་,1,0.03451846738004832
ཐེག་པ,1,0.03451846738004832
བཅད་,1,0.03451846738004832
ཆུ་བོ་,1,0.03451846738004832
མེད་པ་,1,0.03451846738004832
ནམ་མཁའ་,1,0.03451846738004832
མཐའ་དབུས་,1,0.03451846738004832
ལྟ་བ་,1,0.03451846738004832
ཟུང་འཇུག་,1,0.03451846738004832
མེདཔའི་,1,0.03451846738004832
ཤེས་པ་,1,0.03451846738004832
ཁྱབ་པ་,1,0.03451846738004832
བྱིང་རྨུགས་,1,0.03451846738004832
མངོན་སུམ་,1,0.03451846738004832
སྒྲུབ་པ་,1,0.03451846738004832
ས་གཞི་,1,0.03451846738004832
འགྱུར་བ་,1,0.03451846738004832
གདམས་ངག་,1,0.03451846738004832
སྣོད་,1,0.03451846738004832
རུང་བ་,1,0.03451846738004832
ཀུན་གཞི,1,0.03451846738004832
བརྟན་པོ་,1,0.03451846738004832
ཚུར་,1,0.03451846738004832
ལྟོས་,1,0.03451846738004832
ཐ་སྙད་,1,0.03451846738004832
དཔེ་ཆ,1,0.03451846738004832
འཆར་བ་,1,0.03451846738004832
སློབ་གཉེར་,1,0.03451846738004832
རྣམ་པ་,1,0.03451846738004832
མི་ཟད་,1,0.03451846738004832
སྦྱིན་པ,1,0.03451846738004832
རྒྱགས་ཕྱེ་,1,0.03451846738004832
སྒྲུབས,1,0.03451846738004832
ཚུལ་ཁྲིམས་,1,0.03451846738004832
མཛེས་པ,1,0.03451846738004832
རྒྱན་,1,0.03451846738004832
གཟོབས,1,0.03451846738004832
བཟོད་པ,1,0.03451846738004832
གཡང་ལུག་,1,0.03451846738004832
སྤྲུགས་,1,0.03451846738004832
གྱོན,1,0.03451846738004832
བརྩོན་འགྲུས་,1,0.03451846738004832
རྫུ་འཕྲུལ་,1,0.03451846738004832
རྟ་ལ་,1,0.03451846738004832
ཞོན,1,0.03451846738004832
འཕགས་པ,1,0.03451846738004832
གྲོང་,1,0.03451846738004832
སྙོགས,1,0.03451846738004832
ཕྱུག་པ,1,0.03451846738004832
དྲིན་ལན་,1,0.03451846738004832
ཉམས་,1,0.03451846738004832
གདའ་,1,0.03451846738004832
འམ་,1,0.03451846738004832
ལྷག་པར་,1,0.03451846738004832
མཉེས་པ,1,0.03451846738004832
བཀའ་,1,0.03451846738004832
བྱ་བ་,1,0.03451846738004832
སྣང་ཡུལ་,1,0.03451846738004832
ངོ༌,1,0.03451846738004832
བྲིན་,1,0.03451846738004832
བརྩེ་བ་,1,0.03451846738004832
ཤེལ་,1,0.03451846738004832
མཆོད་རྟེན་,1,0.03451846738004832
འཚེར་བ་,1,0.03451846738004832
ཁྲོང་,1,0.03451846738004832
ངེ་,1,0.03451846738004832
ཡོད་པ་,1,0.03451846738004832
ཆུང་པ,1,0.03451846738004832
མུ་སྟེགས་པ་,1,0.03451846738004832
ངན་སྔགས་,1,0.03451846738004832
བསླབས་པ,1,0.03451846738004832
ནམ་ཞིག་,1,0.03451846738004832
རླུང་དམར་,1,0.03451846738004832
འཚུབ་,1,0.03451846738004832
ཁྱིལ་,1,0.03451846738004832
ང,1,0.03451846738004832
ངམ་,1,0.03451846738004832
སྤོ་མཐོ་,1,0.03451846738004832
ཕྱི,1,0.03451846738004832
འཕུར་,1,0.03451846738004832
༑ཞབས་,1,0.03451846738004832
རེག་པ,1,0.03451846738004832
ཐོག་མ་,1,0.03451846738004832
སྒྲུབ་ཕུག་,1,0.03451846738004832
གྲགས་པ,1,0.03451846738004832
བྲག་,1,0.03451846738004832
ལོགས་,1,0.03451846738004832
ཞབས་རྗེས་,1,0.03451846738004832
ལུས་སྲོག་,1,0.03451846738004832
མཁྱེན་,1,0.03451846738004832
བརྒྱུད་,1,0.03451846738004832
འོདཉུལ་,1,0.03451846738004832
འདྲི་,1,0.03451846738004832
ལམ་བར་,1,0.03451846738004832
བནྡེ་,1,0.03451846738004832
འགའ་,1,0.03451846738004832
ཕྲད་པ་,1,0.03451846738004832
གླེང་མོ་,1,0.03451846738004832
དྲིས་པ,1,0.03451846738004832
ངག་,1,0.03451846738004832
མི་སྨྲ་,1,0.03451846738004832
ཁྱད་,1,0.03451846738004832
གསོད་པ་,1,0.03451846738004832
འདྲ་བ་,1,0.03451846738004832
ནུས་པ་,1,0.03451846738004832
འབྱོན་པ་,1,0.03451846738004832
མཐོང་,1,0.03451846738004832
བསུ་བ་,1,0.03451846738004832
འོངས་པ་,1,0.03451846738004832
ལུང་པ,1,0.03451846738004832
མདོ,1,0.03451846738004832
སྙུན་,1,0.03451846738004832
དྲི་,1,0.03451846738004832
ཅི་ཡང་,1,0.03451846738004832
གནས་རི་,1,0.03451846738004832
ཁྲོད་,1,0.03451846738004832
དབེན་པ་,1,0.03451846738004832
བསྟེན་པ་,1,0.03451846738004832
འགེལ་བ,1,0.03451846738004832
ཐོག་མ,1,0.03451846738004832
བདུད་རྩི,1,0.03451846738004832
རོ་མཆོག་,1,0.03451846738004832
ངེས་ཤེས་,1,0.03451846738004832
ཐང་ལྷོད་,1,0.03451846738004832
ཤོར་བ,1,0.03451846738004832
འགལ་རྐྱེན་,1,0.03451846738004832
མ་བྱུང་བ,1,0.03451846738004832
ད་རེས་,1,0.03451846738004832
ལེགས,1,0.03451846738004832
ཟས་དུག་,1,0.03451846738004832
འགྲངས་པ་,1,0.03451846738004832
འབད་པ,1,0.03451846738004832
བསྒོམས་,1,0.03451846738004832
བྲག་ཕུག་,1,0.03451846738004832
གླ་བ,1,0.03451846738004832
བཟུང་,1,0.03451846738004832
བྱ་,1,0.03451846738004832
ནག་,1,0.03451846738004832
རྡོ་རྗེ,1,0.03451846738004832
བཟླས་པ་,1,0.03451846738004832
སྲོག་,1,0.03451846738004832
རྩོལ་,1,0.03451846738004832
གྱུར་,1,0.03451846738004832
བཅུད་ལེན་,1,0.03451846738004832
དོམ་,1,0.03451846738004832
མཁས,1,0.03451846738004832
འགོག་པ,1,0.03451846738004832
སྙོམས་འཇུག་,1,0.03451846738004832
ཕྱི་བ,1,0.03451846738004832
སྒོམ,1,0.03451846738004832
དཀའ་ཐུབ་,1,0.03451846738004832
བྲམ་ཟེ,1,0.03451846738004832
ཁ་བཤད་,1,0.03451846738004832
འདོན་པ་,1,0.03451846738004832
ནེ་ཙོ,1,0.03451846738004832
ཆ་,1,0.03451846738004832
ལ་མ་,1,0.03451846738004832
ཐར་ལམ་,1,0.03451846738004832
བཙལ་,1,0.03451846738004832
རྙེད,1,0.03451846738004832
རྫིང་,1,0.03451846738004832
བསྐྱིལ་བ་,1,0.03451846738004832
རྟོག་པ,1,0.03451846738004832
འདུ་,1,0.03451846738004832
བཀག་པ་,1,0.03451846738004832
སྒྲོལ,1,0.03451846738004832
ཕྱག་མཚན་,1,0.03451846738004832
སྒོམ་པ,1,0.03451846738004832
ཕྱོགས་མེད་,1,0.03451846738004832
བརྡོལ་བ་,1,0.03451846738004832
ཁ,1,0.03451846738004832
འཇོག་པ,1,0.03451846738004832
བར་དོ,1,0.03451846738004832
ངོས་འཛིན་,1,0.03451846738004832
གཉུག་,1,0.03451846738004832
སྐྱེ་འགག་,1,0.03451846738004832
རྟོགས་,1,0.03451846738004832
ཐིག་ལེ་,1,0.03451846738004832
ད,1,0.03451846738004832
ཙནྡྲ་,1,0.03451846738004832
དངོས་པོ,1,0.03451846738004832
འཛིན་པ་,1,0.03451846738004832
བྲལ་བ་,1,0.03451846738004832
རྩོད་བྲལ་,1,0.03451846738004832
དབུ་མ་,1,0.03451846738004832
དྷུ་,1,0.03451846738004832
ཏཱིའི་,1,0.03451846738004832
རྩ,1,0.03451846738004832
བཅོ,1,0.03451846738004832
གདོད་,1,0.03451846738004832
དག,1,0.03451846738004832
མདུད་པ་,1,0.03451846738004832
གྲོལ,1,0.03451846738004832
ངོ་བོ་,1,0.03451846738004832
དོན,1,0.03451846738004832
ཅེས་,1,0.03451846738004832
འཆང་,1,0.03451846738004832
བརྒྱུད་པ་,1,0.03451846738004832
འཛིན,1,0.03451846738004832
སྡེ་,1,0.03451846738004832
བཞི་,1,0.03451846738004832
མཁའ་འགྲོ,1,0.03451846738004832
ལུང་བསྟན་,1,0.03451846738004832
སྒྲུབ་བརྒྱུད་,1,0.03451846738004832
ཏཻ་,1,0.03451846738004832
རྒྱུད་སྡེ,1,0.03451846738004832
སྒྲ་སྒྱུར་,1,0.03451846738004832
མར་པ་,1,0.03451846738004832
ཙྪ་,1,0.03451846738004832
ཐུགས་རྗེ,1,0.03451846738004832
ལོ་ཏོག་,1,0.03451846738004832
རྒྱས,1,0.03451846738004832
དག་པ,1,0.03451846738004832
འབྲས་བུ་,1,0.03451846738004832
སོ་སོ,1,0.03451846738004832
སྨིན,1,0.03451846738004832
འབྲས་བུ,1,0.03451846738004832
འགྱུར་བ,1,0.03451846738004832
ཞབས་པད་,1,0.03451846738004832
སྤྱི་བོ,1,0.03451846738004832
གུང་,1,0.03451846738004832
ཐང་,1,0.03451846738004832
བ་དན་,1,0.03451846738004832
གཙུག་,1,0.03451846738004832
ནོར་བུ་,1,0.03451846738004832
རིན་ཆེན་,1,0.03451846738004832
གུས་པ,1,0.03451846738004832
སོགས་,1,0.03451846738004832
གདུལ་བྱ,1,0.03451846738004832
གྱུར་པ་,1,0.03451846738004832
ཀུན,1,0.03451846738004832
ཁ་ལོ་,1,0.03451846738004832
བསྒྱུར,1,0.03451846738004832
ཅི་,1,0.03451846738004832
ལོག་ལམ་,1,0.03451846738004832
བཀོད,1,0.03451846738004832
མཛད་,1,0.03451846738004832
གྲོལ་བ,1,0.03451846738004832
མཛད,1,0.03451846738004832
སྣ་ཚོགས་,1,0.03451846738004832
འཆར་བ,1,0.03451846738004832
སྤྲད་པ,1,0.03451846738004832
རིག་པ་,1,0.03451846738004832
ཆོས་ཉིད་,1,0.03451846738004832
མཇལ,1,0.03451846738004832
འགྱུ་བ་,1,0.03451846738004832
ཆོ་འཕྲུལ་,1,0.03451846738004832
རྒྱ་མཚོ,1,0.03451846738004832
རླབས་,1,0.03451846738004832
ཐིམ,1,0.03451846738004832
གོལ་ས་,1,0.03451846738004832
སྦྱོར་བ་,1,0.03451846738004832
འཕེན་པ་,1,0.03451846738004832
སྒྲོ་འདོགས་,1,0.03451846738004832
ཐད་ཀ,1,0.03451846738004832
བཅད,1,0.03451846738004832
འོག་,1,0.03451846738004832
འཁྲུལ་པ་,1,0.03451846738004832
རྒྱབ་རྟེན་,1,0.03451846738004832
ནན་ཏན་,1,0.03451846738004832
ཞུས,1,0.03451846738004832
མཚུངས་ལྡན་,1,0.03451846738004832
མཆེད་གྲོགས་,1,0.03451846738004832
ཁྱད་པར་ཅན,1,0.03451846738004832
རྫོང་བ་,1,0.03451846738004832
བསྡུ,1,0.03451846738004832
གྲུང་,1,0.03451846738004832
ལྗིད་,1,0.03451846738004832
བཀུར,1,0.03451846738004832
ཟོག་,1,0.03451846738004832
ཁྲིད་,1,0.03451846738004832
གཏི་མུག་,1,0.03451846738004832
ཕྱི་ཐག་,1,0.03451846738004832
བསྟུངས,1,0.03451846738004832
ཞི་གནས་,1,0.03451846738004832
སྟེང་,1,0.03451846738004832
ངང་རྒྱུད་,1,0.03451846738004832
བསྲིངས,1,0.03451846738004832
གདོང་,1,0.03451846738004832
བདས་,1,0.03451846738004832
འབོལ་,1,0.03451846738004832
སྔས་,1,0.03451846738004832
བོར་,1,0.03451846738004832
ཐོག་,1,0.03451846738004832
བབས་,1,0.03451846738004832
རྩེ་གཅིག་,1,0.03451846738004832
བཞག,1,0.03451846738004832
མྱ་ངན་,1,0.03451846738004832
འདས་པ,1,0.03451846738004832
འདུན་མ་,1,0.03451846738004832
སྟོང་ཉིད་,1,0.03451846738004832
སྙིང་རྗེ་,1,0.03451846738004832
ཁྱད་གསོད་,1,0.03451846738004832
བགྱིད་,1,0.03451846738004832
དུ་མ་,1,0.03451846738004832
བདེ་མེད,1,0.03451846738004832
འབྲལ་,1,0.03451846738004832
མཆོད་པ,1,0.03451846738004832
སྐུ་དྲིན་,1,0.03451846738004832
སྒྲ་,1,0.03451846738004832
རོལ་,1,0.03451846738004832
མཉེས་,1,0.03451846738004832
བུད་,1,0.03451846738004832
མེདཀྱི་,1,0.03451846738004832
ཐོན་པ་,1,0.03451846738004832
ལྷག་མཐོང་,1,0.03451846738004832
ཤར་བ་,1,0.03451846738004832
དཀོན་པ་,1,0.03451846738004832
མཁྱེན་པ,1,0.03451846738004832
ཆུད་,1,0.03451846738004832
སྒོམས་,1,0.03451846738004832
གསུངས་པ་,1,0.03451846738004832
ལྟར,1,0.03451846738004832
བསྒོམས་པ,1,0.03451846738004832
དང་སེམས་,1,0.03451846738004832
ཕན་,1,0.03451846738004832
ཐོགས་པ,1,0.03451846738004832
རང་གྲོལ་,1,0.03451846738004832
སྲིང་,1,0.03451846738004832
བཞི,1,0.03451846738004832
གྱུར་བ,1,0.03451846738004832
ལོ་རྒྱུས་,1,0.03451846738004832
རྫོང་,1,0.03451846738004832
བྱང་ཆུབ་,1,0.03451846738004832
གཟུངས་,1,0.03451846738004832
ཡི་གེ,1,0.03451846738004832
བཀོད་པ,1,0.03451846738004832
འོ,1,0.03451846738004832
སྐོར་,1,0.03451846738004832
